f_name,l_name,organization,title,email,phone,f_name
Alice,Green,Tech Solutions,Developer,alice.green@example.com,555-0011,Alice
Bob,White,Health Services,Nurse,bob.white@example.com,555-0022,Bob
Charlie,Black,Finance Group,Accountant,charlie.black@example.com,555-0033,Charlie
Diana,Blue,Education Center,Instructor,diana.blue@example.com,555-0044,Diana
Evan,Red,Construction Co.,Foreman,evan.red@example.com,555-0055,Evan
f_name,l_name,organization,title,email,phone,f_name